{"cameraMode":{"drawMode":0,"name":"Shaded","section":"Shading Mode"},"sceneLighting":true,"audioPlay":false,"sceneViewState":{"showFog":true,"showMaterialUpdate":false,"showSkybox":true,"showFlares":true,"showImageEffects":true,"showParticleSystems":true},"in2DMode":false,"pivot":{"x":520.4786376953125,"y":394.4364318847656,"z":128.04067993164063},"rotation":{"x":0.1630110740661621,"y":-0.029574643820524217,"z":0.004934330470860004,"w":0.9862228035926819},"size":50.87242889404297,"orthographic":false}